Day,Intro
0,"I'm thrilled you've decided to join this transformative learning experience. Over the next 30 days, you'll master the art of prompt engineering through hands-on challenges. You'll learn how to craft effective prompts that generate compelling content and how to integrate AI into your daily work. I also want to thank you for volunteering as a beta user. Your feedback will help fellow trailblazers have an even better experience."
1,"Welcome to Day 1! Today, we're diving into the fundamentals: understanding what a prompt is and how to write a simple, effective one."
2,"Welcome to Day 2! Yesterday’s challenge focused on writing your first prompt; today, you’ll build on that by exploring the crucial distinction between simple prompting and strategic prompt engineering."
3,"Today, in Day 3, we’ll tackle one of the most powerful techniques: iterative refinement."
4,"Today's challenge will strengthen your grasp of prompt engineering by clearly distinguishing between basic prompting and strategic prompt engineering techniques"
5,"Day 5 is here! Today’s focus is mastering role prompting to transform your AI into a specialized expert for any task."
6,"Welcome to Day 6! Yesterday's challenge focused on role prompting; today, you'll build on that by learning to create a consistent brand voice with persona prompting."
7,"Today, in Day 7, we'll tackle output formatting to control the structure and style of AI responses."
8,"Day 8: you'll explore few-shot prompting to guide AI with multiple examples."
9,"Day 9 is here! Today's focus is learning to use negative examples to prevent unwanted AI behaviors."
10,"Welcome to Day 10! Yesterday's challenge focused on negative examples; today, you'll build on that by mastering prompt iteration to refine and improve your results."
11,"Today, in Day 11, we'll tackle prompt templates for efficiency and consistency."
12,"Get ready for Day 12: you'll discover how to use prompt variables for dynamic, reusable prompts."
13,"Day 13 is here! Today's focus is how example format signals to the AI what output structure you expect."
14,"Welcome to Day 14! Yesterday's challenge focused on example formatting; today, you'll build on that by using delimiters to organize prompt sections and improve AI understanding."
15,"Today, in Day 15, we'll tackle comprehensive AI ethics and governance frameworks for responsible innovation."
16,"Day 16: we'll explore Chain of Thought prompting to get AI to show its reasoning process step by step."
17,"Day 17 is here! Today's focus is task decomposition—breaking complex tasks into manageable steps for better AI performance."
18,"Welcome to Day 18! Yesterday's challenge focused on task decomposition; today, you'll build on that by providing context to dramatically improve AI understanding and output quality."
19,"Today, in Day 19, we'll tackle temperature settings to control AI creativity and consistency."
20,"Get ready for Day 20: we'll explore bias detection and correction for fair, inclusive marketing."
21,"Day 21 is here! Today's focus is multilingual content creation to resonate across cultures and languages."
22,"Welcome to Day 22! Yesterday's challenge focused on multilingual content; today, you'll build on that by diving into video content optimization for engaging scripts and platform-specific strategies."
23,"Today, in Day 23, we'll tackle building advanced prompt libraries for maximum efficiency and quality."
24,"Today, we'll learn about testing and measuring prompt performance for continuous improvement."
25,"Day 25 is here! Today's focus is prompt chaining to automate complex, multi-step marketing tasks."
26,"Welcome to Day 26! Yesterday's challenge focused on prompt chaining; today, you'll build on that by scaling prompt engineering operations across teams and departments."
27,"Today, in Day 27, we'll tackle planning for the future and adapting your strategy for emerging AI technologies."
28,"Get ready for Day 28: we'll dive into advanced prompt engineering techniques that distinguish experts from beginners."
29,"Day 29 is here! Today's focus is troubleshooting common issues to ensure consistently great results."
30,"Congratulations! You've reached Day 30 of the 30-day Prompt Engineering Challenge! Today, your final challenge is to build on that by putting all your skills to the test in our ultimate capstone challenge." 