Day,URL,Post_ID
1,https://marketingcloud30.com/c/k7m9x3,789
2,https://marketingcloud30.com/c/p8q2v5,790
3,https://marketingcloud30.com/c/r3n8k4,791
4,https://marketingcloud30.com/c/w5t9m2,792
5,https://marketingcloud30.com/c/b7n4k9,793
6,https://marketingcloud30.com/c/x8q3v6,794
7,https://marketingcloud30.com/c/f2j8n5,795
8,https://marketingcloud30.com/c/h9d6m1,796
9,https://marketingcloud30.com/c/k7m2n9,797
10,https://marketingcloud30.com/c/q3w8r5,798
11,https://marketingcloud30.com/c/h9j4k2,799
12,https://marketingcloud30.com/c/m5n7p1,800
13,https://marketingcloud30.com/c/x6z9b3,801
14,https://marketingcloud30.com/c/c4v8d2,802
15,https://marketingcloud30.com/c/f7g1h4,803
16,https://marketingcloud30.com/c/v4n8k1,805
17,https://marketingcloud30.com/c/j2s7w4,806
18,https://marketingcloud30.com/c/r8t5q3,807
19,https://marketingcloud30.com/c/y6u9p2,808
20,https://marketingcloud30.com/c/a3d7n5,809
21,https://marketingcloud30.com/c/l4m8x9,810
22,https://marketingcloud30.com/c/w7e2i6,811
23,https://marketingcloud30.com/c/g5h1k8,812
24,https://marketingcloud30.com/c/s9f3v7/,813
25,https://marketingcloud30.com/c/s0y2m5,830
26,https://marketingcloud30.com/c/p4t6r1,814
27,https://marketingcloud30.com/c/z8c4n2,815
28,https://marketingcloud30.com/c/o3i7u5,816
29,https://marketingcloud30.com/c/k6l9m3,817
30,https://marketingcloud30.com/c/x1y4z7,818